{"gen_imgs": {"_type": "image-file", "sha256": "576b8f8afeec5f08c1e28c19428b7c167e8014ee1f4368c043393700be3f7100", "size": 44887, "path": "media/images/gen_imgs_747_576b8f8afeec5f08c1e2.png", "format": "png", "width": 274, "height": 274, "caption": "Generated Images"}, "_timestamp": 1708248450.7269926, "_runtime": 892.0055606365204, "_step": 747, "train/g_loss": 0.3088383376598358, "train/d_loss": 0.24151699244976044, "epoch": 19, "trainer/global_step": 34379, "val/g_loss": 0.28547877073287964, "val/d_loss": 0.24460457265377045, "_wandb": {"runtime": 878}}