{"gen_imgs": {"_type": "image-file", "sha256": "a5ce81aeb10db34df6aed706b0f4bc1267fb5a0c69947c1bcde02343bbacd26a", "size": 50390, "path": "media/images/gen_imgs_202_a5ce81aeb10db34df6ae.png", "format": "png", "width": 274, "height": 274, "caption": "Generated Images"}, "_timestamp": 1708247430.8288965, "_runtime": 293.14030146598816, "_step": 202, "train/g_loss": 0.39246323704719543, "train/d_loss": 0.23157459497451782, "epoch": 9, "trainer/global_step": 8599, "val/g_loss": 0.3610328137874603, "val/d_loss": 0.18501752614974976, "_wandb": {"runtime": 290}}